page_id=001,379682
page_id=002,17401
page_id=003,27249
page_id=004,11668
page_id=005,533
page_id=006,780
page_id=007,1096
page_id=008,1487
page_id=009,575
page_id=010,17046
page_id=011,1139
page_id=012,360
page_id=013,712
page_id=014,864
page_id=015,467123
page_id=016,797
page_id=017,1190
page_id=018,1430
page_id=019,553
page_id=020,1045
page_id=021,1291
page_id=022,343
page_id=023,680
page_id=024,1039
page_id=025,1407
page_id=026,466
page_id=027,732
page_id=028,1267
page_id=029,316
page_id=030,534
page_id=031,848
page_id=032,795
page_id=033,1116
page_id=034,1315
page_id=035,495
page_id=036,915
page_id=037,1239
page_id=038,1370
page_id=039,561
page_id=040,921
page_id=041,1291
page_id=042,395
page_id=043,678
page_id=044,1055
page_id=045,1422
page_id=046,450
page_id=047,748
page_id=048,19229
page_id=049,830
page_id=050,960
page_id=051,1371
page_id=052,562
page_id=053,854
page_id=054,1150
page_id=055,1287
page_id=056,603
page_id=057,897
page_id=058,1125
page_id=059,308
page_id=060,661
page_id=061,967
page_id=062,1187
page_id=063,393
page_id=064,353
page_id=065,635
page_id=066,841
page_id=067,1237
page_id=068,412
page_id=069,766
page_id=070,1037
page_id=071,1206
page_id=072,524
page_id=073,833
page_id=074,1078
page_id=075,1319
page_id=076,624
page_id=077,962
page_id=078,1276
page_id=079,301
page_id=080,23357
page_id=081,300
page_id=082,541
page_id=083,856
page_id=084,1225
page_id=085,380
page_id=086,624
page_id=087,953
page_id=088,1407
page_id=089,488
page_id=090,734
page_id=091,953
page_id=092,1450
page_id=093,572
page_id=094,895
page_id=095,1081
page_id=096,1001
page_id=097,1341
page_id=098,438
page_id=099,748
page_id=100,1140
page_id=101,271
page_id=102,467
page_id=103,922
page_id=104,1355
page_id=105,400
page_id=106,581
page_id=107,1003
page_id=108,1330
page_id=109,465
page_id=110,720
page_id=111,998
page_id=112,741
page_id=113,1048
page_id=114,1188
page_id=115,383
page_id=116,762
page_id=117,1077
page_id=118,1191
page_id=119,443
page_id=120,833
page_id=121,1257
page_id=122,1483
page_id=123,551
page_id=124,1064
page_id=125,1280
page_id=126,340
page_id=127,789
page_id=128,741
page_id=129,1104
page_id=130,1290
page_id=131,432
page_id=132,858
page_id=133,1204
page_id=134,1345
page_id=135,565
page_id=136,957
page_id=137,1197
page_id=138,308
page_id=139,636
page_id=140,999
page_id=141,1224
page_id=142,383
page_id=143,648
page_id=144,363
page_id=145,686
page_id=146,908
page_id=147,1175
page_id=148,477
page_id=149,794
page_id=150,968
page_id=151,1391
page_id=152,603
page_id=153,949
page_id=154,1102
page_id=155,22183
page_id=156,21966
page_id=157,896
page_id=158,1175
page_id=159,345
page_id=160,302
page_id=161,648
page_id=162,762
page_id=163,872
page_id=164,360
page_id=165,685
page_id=166,966
page_id=167,1196
