Venue SJU,176949
Venue ZPL,11693
Venue SPF,165396
Venue XFP,25697
Venue ZFX,33674
Venue WFI,31023
Venue PXI,160925
Venue PDT,91683
Venue GLQ,21223
Venue WXV,32686
Venue UZO,26869
Venue YDI,8284
Venue YRU,23271
Venue AWF,54891
Venue ZJB,13388
Venue CWN,71737
Venue XXO,15943
Venue TRV,29039
Venue VLS,22813
Venue YXF,28116
Venue QRY,85812
Venue YVW,3556
Venue CQC,54843
Venue BKI,10536
Venue DKS,63134
Venue BQV,16859
Venue VRD,21092
Venue AEQ,5032
Venue QJL,82532
Venue XPE,27493
Venue BEY,66015
Venue TLJ,28722
Venue RDA,177415
Venue WDZ,31094
Venue AXM,23549
Venue ZLH,26442
Venue XLA,29534
Venue WRL,28832
Venue UFY,23172
Venue XJT,28076
